datafile,sampname,variety,type,dry wt,Acetic acid butyl ester,Sabinene,β-Pinene,β-Myrcene,4-hexen-1-ol acetate,2-hexen-1-ol acetate,Eucalyptol,β-Ocimene,Benzeneacetaldehyde,2-hexen-1-yl dodecanoic acid ester,ɣ-Terpinene,trans-Oxiran-3-undecyl methyl ester,cis-Linalool oxide,trans-Linalool oxide,Terpinolene,Linalool,"(E)-4,8-Dimethylnona-1,3,7-triene",Camphor,Borneol,ɑ-Methylindene,ɑ-Terpineol,Estragole,Fenchyl acetate,cis-Geraniol,trans-Geraniol,Cuminal,Citral,Bornyl acetate,Eicosane,ɑ-Longipinene,"Unknown 43, 69, 55",ɑ-Cubebene,Eugenol,ɑ-Ylangene,Methyl cinnamate,Longicyclene,Methyleugenol,β-Elemene,Isolongifolene,cis-Bergamotene,"Unknown 95, 161, 107",Aromadendrene,Longifolene,β-Ylangene,β-Caryophyllene,ɑ-Bergamotene,β-Copaene,ɑ-Guaiene,Calarene,δ-Muurolene,ɑ-Muurolene,Humulene,(+)-epi-Bicyclosesquiphellandrene,ɣ-Muurolene,Germacrene D,Lavandulyl propionate,Valencene,"Unknown 43, 81, 105",ɑ-Amorphene,Aciphyllene,δ-Guaiene,ɣ-Cadinene,δ-Cadinene,"1,4-Cadinadiene",ɑ-Cadinene," [S-(Z)]- 3,7,11-trimethyl-1,6,10-Dodecatrien-3-ol","(3E,7E)-4,8,12-Trimethyltrideca-1,3,7,11-tetraene",Benzenecycloheptene,β-Elemenone,"Unknown 71, 43, 79",Spathulenol,"Unknown 109, 81, 43",Thymyl tiglate,Epicubenol,Methyl jasmonate,tau-Cadinol,"Unknown 161, 204, 105","Unknown 43, 105, 204",2-(1-phenylethyl)-Phenol,"Unknown 43, 55, 93","Unknown 43, 95, 41","2,6,10,14-Tetramethyl-7-(3-methylpent-4-enylidene) pentadecane","Unknown 161, 204, 43","Unknown 161, 43, 205","2,6,10,14-Tetramethyl octadecane"
,,,,RT,808,978,983,990,1002,1009,1038,1048,1049,1057,1064,1072,1078,1092,1094,1099,1116,1158,1161,1163,1199,1204,1205,1233,1257,1271,1274,1296,1326,1351,1354,1364,1366,1390,1393,1399,1406,1407,1416,1428,1430,1433,1434,1440,1444,1448,1451,1455,1458,1466,1472,1478,1485,1494,1504,1510,1511,1511,1516,1519,1526,1534,1540,1553,1557,1568,1582,1585,1598,1613,1618,1618,1631,1640,1658,1663,1690,1739,1739,1766,1810,1845,1964,1987,2196
basil0622_28.D,28atc123t1,aroma 2,flower,0.2032,1614.475842,77.89705629,199.2229883,839.5798272,0,0,2547.11818,2509.340714,0,0,0,0,0,0,0,41436.1972,0,667.3246391,121.4534146,180.5460151,396.8939331,0,0,0,0,255.5191938,0,0,938.6563578,241.901747,265.0930559,229.3325453,2933.585839,59.2612387,15.73976974,102.755613,0,7711.329722,0,0,0,0,0,2884.052125,172.0546655,0,1115.921945,2381.198883,0,3370.84707,0,761.3479853,247.1864085,0,991.6331915,323.1064498,0,144.820635,0,607.7867731,2324.166046,1239.444652,270.5556342,33.1862851,54.32754587,46.04140377,0,0,0,13.27040916,0,13.27040916,0,191.3624658,0,1482.732586,0,72.78719508,0,47.77560927,0,1.596659812,43.78741003,31.31455171,0
basil0622_35.D,36atc120t1,aroma 2,flower,0.1692,1251.532976,0,0,0,0,0,1670.278515,1336.933307,0,0,0,0,0,0,0,18797.97269,0,76.79003032,124.7353511,107.8386557,146.5075595,0,0,0,0,317.6546304,0,0,312.2339697,47.15059847,148.799143,162.1034083,2350.881245,0,0,18.52130085,0,1555.118786,0,0,0,0,0,615.2303948,142.701035,0,246.5984805,762.1642729,0,881.1161642,0,176.4442524,76.42372913,0,186.0034273,201.2502177,58.13747087,46.2505283,0,126.0281279,466.5660462,468.237305,65.72991937,0,0,0,0,0,0,0,0,0,0,76.03898637,0,535.2257039,0,49.77393972,12.21662172,26.82872202,0,0,0,7.279705953,52.00492429
basil0622_70.D,70cic120t2,aroma 2,flower,0.2023,0,0,0,964.5801357,0,0,257.7031277,2180.788943,0,0,285.6701046,0,0,0,0,36955.18661,0,340.6278738,28.97016074,22.55984498,33.55175962,0,0,0,30.52659954,95.95957528,0,0,236.9164547,781.0787536,55.29550285,772.0559143,324.4602082,57.68770497,38.40413568,206.8715167,0,14115.74707,0,0,0,0,0,5194.465433,417.2041438,679.3495786,2040.632989,4516.696458,0,6923.899972,0,1796.992904,471.2043424,0,1752.865759,0,0,0,0,1012.603731,3954.769388,1513.373749,189.9309266,0,0,55.02461882,0,0,0,0,0,0,0,88.03264453,0,323.1230449,0,0,7.201532022,0,0,0,36.60672447,29.54172755,55.32218374
basil0622_30.D,30atc3t1,aroma 2,leaf,0.036,8104.651853,0,0,0,0,0,305.5983095,0,0,0,0,0,0,0,0,309.2611318,0,0,806.8098674,734.9547897,0,32.6325828,0,0,0,1026.844811,0,0,0,0,701.4761996,0,0,75.81872523,0,856.6014817,0,0,1699.254793,0,508.9709636,503.99756,2963.822245,0,0,0,0,201.0348868,0,0,0,0,0,0,0,1126.781983,0,0,0,0,0,0,0,0,0,0,0,0,0,0,0,0,929.4470802,0,0,0,0,351.9419981,1358.065434,0,0,0,0,0,4137.6218
basil0622_04.D,4cic14t1,cinnamon,flower,0.2692,601.901399,32.36302117,72.82101983,287.5035247,0,1.812203665,737.924287,782.8416258,499.0018112,0,32.61658634,0,0,106.8831328,0,13538.97203,117.4131577,120.9626629,0,29.66560812,47.31587969,6430.687154,0,0,0,240.8924435,0,0,43.11281672,71.40289912,147.5849902,0,13.25244626,0,3403.49702,20.09966849,2.527106855,1192.004071,0,0,0,0,0,482.4819254,36.55043358,135.6323006,201.0050477,455.4269726,0,612.7767117,50.22010162,203.2584798,46.31683708,87.1138114,467.303813,198.3285877,133.8727291,73.88685929,237.4421767,255.1383774,418.7151662,381.2665174,233.5706915,28.61063509,40.66045584,27.29214231,0,38.61710173,39.4731434,0,0,0,0,51.80093273,0,392.3903635,0,24.42123279,12.65792217,7.502832938,0,0,0,0,116.8791198
basil0622_44.D,44cic14t1,cinnamon,flower,0.1521,2659.379198,0,0,0,0,0,441.213826,1262.506562,1264.715879,0,84.87789644,0,0,159.0780009,0,51024.54354,0,0,193.5714764,189.054662,89.46612195,6474.427865,0,0,0,829.7044909,0,0,0,619.7611744,411.4964207,0,0,0,39643.01309,109.2443238,11.30382298,6794.100363,0,0,0,0,0,3776.783743,151.4631943,286.1552094,1764.491456,1976.524701,241.5207851,4846.429148,0,760.3897332,446.0857303,33.60810349,1623.690701,550.8655409,0,242.2302852,714.9310804,868.5416457,1871.295342,2559.455315,325.6517136,0,131.4075719,565.7340931,0,58.15530512,2523.592794,0,0,0,0,636.8673473,0,4624.445746,0,264.0194246,0,81.09092952,108.2979273,4.775318785,0,40.57257657,0
basil0622_75.D,75cic2t2,cinnamon,flower,0.2232,352.3148427,0,0,0,0,0,86.78381061,192.7209878,0,0,0,0,0,0,0,5060.022857,0,0,18.10476529,16.97961995,0,628.1129278,0,0,0,337.2016737,0,0,0,22.48266686,0,0,0,0,5098.430166,0,0,465.4997938,0,0,0,0,0,294.8615934,12.12972929,0,148.5226568,157.0531895,0,293.0449554,0,53.20247087,33.9011633,0,65.10349051,0,0,0,0,35.90039991,24.03361351,216.2993823,25.24591852,0,0,0,0,0,182.9455531,0,0,0,0,39.99683305,0,226.0962676,0,25.6639164,0,8.914521326,0,1.220795765,0,5.925078096,0
basil0622_17.D,17cic52t1,cinnamon,leaf,0.0444,8564.516483,0,0,0,0,0,0,0,3297.520447,143225.3814,0,0,0,0,0,672.1989391,0,0,233.8591691,157.9741263,0,0,0,0,0,0,0,0,0,0,964.8678725,0,0,0,1805.999866,0,0,0,0,0,0,0,0,0,0,0,0,0,0,0,0,0,0,0,0,0,0,0,0,0,50.78029492,0,0,0,0,0,0,153.9332006,0,0,0,0,0,59.64880174,0,265.8843079,0,0,0,0,0,0,0,0,0
basil0622_53.D,53gvc95t2,genovese,flower,0.1661,804.2948479,0,0,0,0,0,1923.870087,981.248022,0,0,0,0,0,0,0,81742.55913,0,285.9856042,86.04268353,82.67184816,345.969701,0,9.723157117,0,0,400.0428159,0,0,424.0251169,124.1564367,62.24022324,0,8163.392909,49.91683296,0,62.83146492,7.667011245,3911.621613,0,603.3238475,0,0,0,2272.3986,148.4772434,11744.04927,0,1697.675461,0,3342.787907,0,700.7056879,350.5119696,0,948.0022891,153.7617452,109.7142186,130.6505321,142.9388352,1324.169633,1261.006878,1807.604946,137.0801376,0,82.74524523,92.23637404,0,0,272.267605,0,0,0,0,288.8494524,0,2268.087426,0,97.1290071,13.51759136,57.89280577,0,0,0,19.94315795,0
basil0622_71.D,71gvc118t2,genovese,flower,0.2198,48.10147339,27.20814289,79.43364526,376.9976031,0,0,492.001742,1058.652616,0,0,0,0,0,0,0,25852.83019,0,75.16725628,36.10009604,31.32250629,75.01860625,0,4.9234031,0,0,232.9414977,0,0,210.0431294,36.44184186,0,89.02384884,4467.964175,0,0,59.44739437,5.710464154,1425.681959,44.5215608,0,16.38492614,0,63.11222186,458.6164848,0,5611.260305,0,590.6134339,0,727.3542952,0,167.2002861,138.940421,0,554.429144,22.06323414,0,0,0,478.0013466,288.3063506,697.1520862,46.16780477,0,32.7232637,0,0,0,64.47843882,17.30252457,0,17.30252457,0,121.6789825,0,782.9097069,0,66.33905578,10.97589236,28.4207195,0,0,0,0,275.9227947
basil0622_79.D,79gvc2t2,genovese,flower,0.0516,336.3122091,684.0103064,1546.253923,7651.563042,0,58.08056109,16101.69726,23800.16899,0,0,235.5718949,0,0,0,0,268959.5397,0,4840.282214,103.0791964,101.8816777,1567.401333,199.6816006,46.91058993,0,303.3203104,868.3359109,0,0,2666.244388,475.2265425,0,1943.231954,62878.46783,0,0,222.8446075,120.7408573,18831.80624,0,0,283.7928901,0,0,8562.658001,0,108101.5022,0,9729.403343,0,15315.29546,0,2564.647383,2298.275993,0,12220.9834,0,0,0,0,12484.85855,8117.319748,10670.25523,988.23817,236.7478097,550.9817878,259.7117496,0,0,2573.909353,223.1832457,0,239.6892494,0,2038.025904,297.1681105,15936.25408,0,999.7681459,0,306.9354112,0,14.98913538,0,24.07368037,0
basil0622_37.D,37gvc112t1,genovese,leaf,0.0419,6470.299957,0,0,0,0,0,560.4728586,0,0,0,0,0,0,0,0,1710.844492,0,0,699.2229337,602.5784962,88.48258068,0,0,0,0,458.3835855,0,0,0,0,149.6610345,0,999.6519376,210.3019284,0,844.1165897,0,0,1680.703762,0,563.7944511,377.6773191,2828.017915,0,0,423.7029421,0,0,0,0,0,0,0,0,0,308.5892792,0,0,0,0,0,95.13328217,0,0,0,303.4862343,0,0,0,0,0,0,1471.518382,0,0,144.6218595,0,327.8562005,1616.769876,0,0,0,0,0,3539.401308
basil0622_39.D,39gvc83t1,genovese,flower,0.3545,643.2346682,156.516973,320.1231866,2116.07882,0,23.13958219,3655.956652,6703.066866,0,0,0,0,0,0,468.0239783,49301.77186,0,1386.702434,90.93181959,81.02774339,545.3912739,0,0,0,0,147.9542342,0,0,833.8491551,380.7290743,209.9113914,550.3449602,14009.62271,63.90842575,20.81856011,161.1051815,41.38702874,10220.44183,0,553.7912988,29.19272071,215.0911054,0,4248.114416,14645.22248,14451.74179,2556.841426,3125.089402,0,6918.982657,0,1627.860845,651.3229414,62.52781351,2086.541261,377.3812383,0,204.1950141,736.8750016,2747.235263,3136.042598,3302.55845,280.0939393,51.0125155,156.4004117,151.6676286,0,0,431.6996238,24.70706805,0,24.70706805,0,708.2827392,150.5739191,6407.186387,0,126.5695599,40.5341701,59.30282451,40.72856446,12.92557648,62.02566776,54.69392956,91.71632914
basil0622_06.D,6gdc21t1,grk dwarf,flower,0.1549,310.0920877,252.8985069,955.5439025,1300.125321,151.7829943,0,9854.591647,0,1466.345071,0,0,29.54718381,0,0,148.4566713,16702.36083,0,561.7731545,16.43731268,24.43481159,766.0104576,49.21270727,11.36943924,0,0,431.0822457,0,284.6335756,934.9343267,198.7957589,0,0,12487.47529,0,12.56953717,3.299255802,3643.77597,0,0,0,0,0,0,667.8519155,69.26277135,6023.042581,0,0,951.9947189,1728.906151,53.85345008,656.0009535,231.7838555,0,192.6769366,32.00904038,135.372174,158.8859993,299.6531645,728.7269037,94.81464036,1610.166226,162.1340967,33.56519528,90.95454963,40.31282298,0,18.47288677,116.1206592,62.93713863,60.13521383,62.93713863,0,410.4317397,0,3361.710245,53.33048952,31.08629685,0,4.788289804,19.10638444,31.1393848,0,0,35.66242961
basil0622_20.D,20gdc24t1,grk dwarf,flower,0.1647,78.03948254,31.81399581,84.08822195,490.6468586,58.23379798,4.127675039,1068.456521,0,763.3507569,0,0,0,0,146.7604266,0,27099.86648,312.9306269,624.0934866,35.64277667,0,125.6811047,3466.660455,0,0,0,300.9534447,0,51.78488563,201.3967494,82.08928389,0,334.9989804,2513.132044,0,11.86298729,43.53874514,6.99516005,3333.646373,111.7085789,0,33.89455451,29.60552325,184.5279147,784.7009477,168.3848454,87.7210953,328.9782295,1505.735594,0,1280.616332,0,850.980862,273.3272849,0,1561.820283,0,195.1452345,131.5386823,0,358.4852464,744.3373291,1296.37466,239.3120857,44.79392468,61.26084196,42.8252698,0,0,0,0,0,0,0,169.6332201,0,1135.461444,0,99.0292054,95.961152,41.04341664,0,0,0,0,295.289235
basil0622_34.D,35gdc25t2,grk dwarf,flower,0.1729,589.6005421,35.95095219,93.99539097,594.1213594,0,0,690.050494,477.4499627,0,0,0,0,0,154.6661784,0,35357.2007,0,451.1739704,105.316482,93.07028473,149.5617326,43.72763404,42.58763903,0,0,850.0631429,0,0,63.5032989,251.3697337,0,342.4178067,5513.381895,20.34191389,0,90.04433775,0,6518.885085,0,0,0,0,0,2453.908752,221.0454036,396.5422086,931.3281421,1718.395418,0,3088.796375,0,1297.891833,345.2870599,0,788.4553093,31.19141748,90.34688105,140.3641393,249.9165432,341.8024225,917.5753177,1521.889715,164.7771749,21.71526543,71.57788661,66.34845208,0,0,0,0,0,0,0,239.5520708,0,2457.556171,0,81.98115917,0,49.94957095,0,2.823520054,0,9.287752967,0
basil0622_73.D,73gdc21t2,grk dwarf,flower,0.1886,0,88.64988156,254.7337995,694.0195643,0,0,2312.36389,0,507.6266526,0,0,0,0,0,0,39861.32771,0,639.3108967,31.43342631,27.81547254,367.4129698,0,45.47312223,0,0,588.6881887,0,0,1416.412335,203.4206298,0,381.5713017,5971.303985,0,0,107.0556847,20.6780845,7950.659615,0,0,0,0,0,2468.135003,317.6598734,191.4625756,949.3638637,2812.047599,0,3104.237985,0,1965.119803,425.5999872,0,1300.680986,20.58658289,0,148.7510054,0,612.101968,2304.585144,2096.339509,207.5042421,36.63755802,110.6767987,0,44.957432,0,0,0,0,0,0,246.2436101,53.99544863,1690.383011,0,42.64274758,0,34.08716635,0,2.279507208,0,0,0
basil0622_58.D,58gvc109t2,grk dwarf,leaf,0.1874,429.8817053,0,0,0,0,0,63.47249417,59.85584499,0,0,0,0,0,0,0,567.5322849,0,0,25.35831292,25.33018822,0,0,0,0,0,219.7130448,0,0,0,0,13.11401563,0,8.005882596,0,0,0,0,0,0,0,0,0,0,0,0,248.2128855,0,0,0,0,0,0,0,0,0,0,0,0,0,0,0,24.71388495,0,0,0,0,0,0,0,0,0,0,0,0,0,15.58653131,0,0,0,0,0,0,0,0,0
basil0622_25.D,25lec82t1,lemon,flower,0.1849,1043.169716,0,209.7540666,3681.702591,861.4845153,56.07673528,235.7209262,3340.42406,0,0,350.3460274,0,0,0,0,31195.48589,418.1062566,40.8918331,276.2681,223.5576767,1876.410153,0,35.99855939,8880.02102,2930.878714,588.429421,19932.37897,0,0,0,0,213.9803302,0,388.3566871,97.3380348,89.26387368,1.059069228,1405.091621,0,565.1158502,0,0,0,7727.067983,22956.00139,16979.76442,3882.376881,0,0,6540.045871,0,2760.40657,221.4491836,489.5500669,3347.126249,479.4790742,0,0,1455.576559,5504.610222,255.9139289,294.9965881,2022.559996,5847.570054,0,0,0,0,223.2825461,0,135.1517414,0,35.34943157,0,0,0,0,111.460351,0,0,0,0,16.86375986,27.69233027,0
basil0622_43.D,43lec13t1,lemon,flower,0.0902,343.2923222,65.126803,220.1473821,4280.130093,1315.7605,47.80641744,382.2328245,3591.900068,0,0,0,0,0,242.971688,0,47898.464,1602.226083,159.8813549,137.3600432,129.982853,2314.335442,0,63.35149725,18147.6938,6685.764683,874.925345,18421.78692,0,0,0,0,639.2754063,0,177.4187042,136.2950594,109.9124898,0,1595.506701,0,0,0,0,0,14489.73953,36966.74092,25772.17824,6319.979749,0,0,11431.705,0,4900.145515,344.1372488,345.7188795,5082.791511,615.7176654,0,0,0,7574.334218,333.632119,381.1982463,2197.40783,9026.177202,0,0,0,0,517.3247725,0,234.1103054,0,30.90891398,0,319.42526,0,0,113.9321364,4.193042086,0,0,6.067557193,101.6140994,92.82978235,0
basil0622_31.D,31lic135t1,lemon,flower,0.1902,73.5204095,0,0,488.2373252,53.50830503,0,0,239.6320878,0,0,0,0,0,0,70.0420618,0,0,0,84.49563757,77.77400489,42.69184422,0,0,1381.775496,344.2421316,211.9177383,1094.500347,0,0,0,23.33817709,196.5324946,0,35.44968872,13.19840703,0,0,453.7898541,169.6493927,0,0,0,0,1357.349683,4517.975947,2679.356691,666.5971102,0,16.38014063,1358.325821,55.38238016,414.6213968,57.4646297,125.3254178,1285.547624,28.30372951,0,0,204.2681343,0,34.85393822,142.7249955,415.4632981,1103.915613,0,0,0,0,29.08549739,0,54.75963691,0,0,23.15538298,0,154.6558314,0,145.4036423,0,0,0,0,0,0,0
basil0622_24.D,24lec2t1,lemon,leaf,0.0806,928.8976624,0,79.41125354,452.9076404,215.3106659,0,109.9486108,428.5907858,0,0,0,0,0,0,0,2125.63589,0,0,218.8405083,194.4030297,184.3163122,49.79959121,6.815869872,198.8884803,0,0,3105.111038,0,0,0,25.20718025,257.6066885,0,0,13.61581158,0,0,48.88108906,0,47.97869267,0,0,0,305.4282895,1062.143342,1322.2441,192.3083747,0,0,309.1932319,0,130.4423564,8.517089845,0,116.7670235,0,26.80196628,26.28059864,94.01773118,423.9066739,0,0,131.219967,436.1385881,0,0,0,0,0,0,40.36646895,0,0,0,0,0,0,60.47066341,0,0,0,0,0,0,0
basil0622_05.D,5ltc53t1,lettuce,flower,0.3454,325.6639645,45.62448959,122.841979,319.0997688,0,0,1470.24552,111.896199,346.0131091,0,145.2625546,0,0,147.7081487,0,9898.391295,0,410.0171317,0,13.82582041,58.75300738,5.229016234,15.11589076,0,0,255.7035756,0,194.8799846,16.21259561,9.212267044,117.7255634,27.25292302,237.4690588,20.95153986,7.442071392,18.29296419,0.973286226,1049.561216,0,191.5594065,0,0,0,429.7983452,0,6512.417308,0,627.4931377,108.0154622,614.8280331,0,125.6503879,46.67076141,0,104.6262571,199.9559451,55.05021169,39.97163817,63.03672192,674.9204679,289.1493917,554.0349535,111.0712465,33.48581774,26.00827398,0,0,17.58426009,149.5124076,0,0,0,0,26.27451477,0,175.5542073,0,15.51561316,0,12.02456084,0,0.62895539,9.490580185,8.407242446,9.985253515
basil0622_08.D,8ltc23t1,lettuce,flower,0.3885,246.6611325,23.22160725,68.74933966,225.0357692,0,1.446184704,646.6888105,0,494.5880486,0,73.45946016,0,0.182071902,135.5465307,0,6941.93891,185.1252718,0,23.60948482,35.09657112,33.56898844,3599.861323,0,0,0,202.9423265,0,147.0656677,0,4.905792964,103.4043344,27.35751373,234.7637968,0,3.890764233,0,4.282706988,330.2466334,0,0,0,0,0,119.5661725,0,3419.741519,0,214.5784222,0,317.078111,12.88963428,0,47.67921634,0,150.4517971,133.8767314,35.12394619,30.39033278,0,199.3075599,49.8581973,396.5400317,85.09946633,15.74741292,24.6492554,0,0,40.99199909,23.98989991,0,0,0,0,44.68346259,0,440.6232953,19.68439945,20.44906301,3.112606259,8.878408193,0,1.211095445,0,0,14.70665504
basil0622_33.D,33lic52t2,lettuce,flower,0.2562,30.83531986,24.24304041,61.47438181,124.4368493,0,0,737.8568475,0,125.958179,0,70.61515773,0,0,134.4643811,0,8416.074436,0,0,36.87433674,39.28749274,35.16810502,2.566617894,8.893460069,0,0,163.5203919,0,0,0,31.64373567,11.62050432,28.42189099,391.9082681,0,6.54585163,20.77914139,0,863.2543026,45.59884862,0,10.74887963,0,56.8569402,264.4331335,0,4421.090029,0,297.1908772,0,471.6912546,0,0,66.05523257,5.383300703,407.3729555,15.96201203,0,22.13349475,66.97667038,285.1308181,240.2934135,343.6367457,504.9312594,7.701309156,15.07169381,68.46626796,2.354816005,0.750779929,13.78426838,1.445852123,0,0,9.788266614,33.54576221,0,244.8969236,0,23.59237046,61.9790595,0,0,0,0,0,151.1642595
basil0622_36.D,36ltc42t1,lettuce,flower,0.2145,1542.047319,294.179508,704.828109,2512.033543,0,0,11863.35838,0,546.3143554,0,1063.038244,0,0,1990.347013,0,67211.81771,456.6822154,92.8194977,108.0059423,102.6096832,555.6194358,13.52444472,118.2536436,0,0,682.0365217,0,0,0,837.3766805,411.652075,978.764723,6355.461702,110.6091125,0,276.8832539,16.72915659,17534.17405,0,0,0,0,0,7250.670142,0,0,5377.513174,4768.617907,462.284094,10050.37463,0,1666.570256,840.8194011,57.50031577,2513.212462,532.809045,0,0,0,6422.014708,4325.73451,5225.330468,491.7915592,157.3341411,244.3099962,82.20946661,0,49.24498503,1483.182951,0,0,0,0,462.3216648,27.08296434,3539.434479,0,90.51038889,0,63.36198215,43.37688135,0,152.2540452,108.7170268,0
basil0622_80.D,80gdc86t2,lettuce,flower,0.164,0,0,0,0,218.1215331,0,574.7425933,72.88228436,0,0,0,0,0,0,0,3199.245826,1039.446299,198.718589,28.60865082,29.97301352,84.91253449,30.24095899,37.89367969,0,0,458.7022305,0,0,73.80368677,51.50417802,0,93.34721608,1422.598515,0,0,0,0,1065.150732,0,0,0,0,0,504.4181943,25.84287517,204.5010574,155.2009558,411.985815,0,655.5289655,0,201.9207512,100.398865,0,168.4281875,52.66315599,0,0,0,125.5033498,208.2837288,582.8689488,0,0,0,0,0,0,0,0,0,0,0,66.46750383,0,619.9031566,0,42.34270604,0,23.14329568,0,0,0,0,0
basil0622_07.D,7lic92t1,lettuce,leaf,0.0869,194.41256,69.9014486,219.1801794,278.1739361,23.79142705,0,1884.064266,0,367.1565709,0,0,0,0,0,25.32384309,3015.848465,0,97.43514435,90.84801727,135.0497024,142.4233671,623.2260766,0,0,0,389.8952569,0,135.7671838,168.0640741,26.57899572,24.32769094,0,2012.615551,18.43420868,0,354.3396836,579.7176885,203.3740844,743.1302414,0,194.4008923,142.5586369,1176.956993,45.59206776,0,1098.65947,0,224.3472295,175.2968104,315.7493665,0,139.1519669,50.53846995,0,57.53520401,0,0,0,0,93.25644343,16.39592467,271.5370438,0,0,0,0,0,0,0,0,0,0,28.86942611,66.53905432,0,603.9228719,22.25377186,131.2735383,599.8693544,0,0,0,0,0,1502.317904
basil0622_15.D,15ltc51t1,lettuce,leaf,0.0915,7491.04927,0,0,0,0,0,0,0,3568.097307,0,0,0,0,0,0,0,0,0,369.9883981,555.3541084,0,32.58779463,48.60825232,0,0,2248.298777,0,1392.91158,0,0,480.7834471,0,0,0,33.46702215,0,0,0,0,0,12.25895936,0,133.1614408,0,0,0,0,0,0,0,0,0,0,0,0,0,0,0,0,0,0,0,0,0,0,0,0,88.49428452,0,0,0,36.56974392,17.44749961,0,0,0,0,0,145.712492,0,0,0,0,0,590.4971632
basil0622_59.D,59lic0t2,lime,flower,0.1344,578.1384571,0,0,0,393.6471283,0,0,0,0,0,0,0,0,0,0,0,866.0520664,0,218.9615885,223.5896164,0,64802.96589,0,0,0,481.1359527,0,0,0,0,0,61.48270581,0,0,0,136.1411352,27.56323135,222.7610427,237.1634432,0,68.17632696,0,415.9383663,262.1571346,742.0448198,1144.951029,0,0,0,0,0,79.99126674,0,0,129.5035123,0,0,0,0,0,0,0,63.39093507,445.0797915,0,0,0,0,0,0,0,0,0,0,0,0,0,203.5505176,607.4410398,0,0,0,0,0,1568.746623
basil0622_77.D,77lic2t2,lime,flower,0.0787,0,0,0,0,1013.855212,0,0,0,0,0,0,0,0,0,0,0,799.923372,0,72.77344226,58.28405451,0,89089.74567,0,0,0,727.2487365,0,0,0,0,0,83.62492554,0,0,22.17526114,0,122.6214304,145.1332138,0,53.92912063,0,0,0,438.1320131,1217.842322,1938.183155,0,39.60650883,18.22930229,502.5407078,0,130.6343334,0,0,143.2493013,0,0,0,0,497.4969886,0,0,91.28405224,902.4170307,0,0,0,0,0,0,0,0,0,0,0,0,0,55.35039085,0,0,0,2.133114645,0,0,0
basil0622_78.D,78lic22t2,lime,flower,0.0845,960.0106286,0,0,0,114.2612123,0,0,0,0,0,0,0,0,0,0,64.74131594,1084.161791,0,45.42090331,46.78225085,0,73835.31283,0,41.03196669,0,848.4059988,0,0,0,0,0,330.3194622,0,0,21.99063656,0,99.25338077,282.8213245,0,0,0,0,0,847.2077601,1413.078002,1905.251695,0,0,10.34415874,820.1891698,0,142.6075606,24.15506851,0,349.3686648,0,0,0,0,385.6932074,27.08839679,0,105.2783423,788.6583034,0,0,0,0,0,0,209.7982437,0,0,0,0,0,0,65.06105001,0,0,0,1.951159706,0,0,0
basil0622_23.D,23amc43t1,lime,leaf,0.2,555.8837821,0,0,0,4.152451384,0,10.15253936,0,0,0,0,0,0,0,0,0,29.6115651,0,43.89813906,28.02501313,0,8570.646591,0,0,0,57.51287685,0,0,0,0,0,6.496367833,0,8.10101233,0,154.0870961,7.703782268,22.59268639,307.2337063,0,89.8972886,72.83930148,546.4430223,0,41.26383668,94.38475699,0,29.05475296,0,0,0,0,0,0,0,0,0,0,0,0,0,0,0,28.88389089,11.85533467,0,0,0,0,0,0,0,3.714740525,2.031315948,15.89756688,0,0,41.22739152,153.0389832,0,0,0,3.786943444,0,510.457405
basil0622_03.D,3mmc16t1,mammolo,flower,0.446,300.6409249,18.59527251,44.92923862,49.58231238,0,0.81704047,263.4579278,329.4263359,0,0,0,0,0,58.39289889,38.88142704,1260.400984,382.0234079,19.85166062,5.330396401,7.923876265,14.71535776,2.305467254,10.55810656,0,0,143.8480389,0,0,9.823238798,3.972455276,66.7565535,0,93.95555413,0,1.475214913,4.355164971,0,170.8671783,0,0,0,0,0,44.98960963,0,2181.418497,0,97.68146209,0,103.7206349,0,0,11.79069644,0,52.65044677,108.100075,22.12025471,13.94796105,25.36512359,106.5139019,19.91455733,130.1877693,21.52352764,5.729710868,6.284281152,0,0,10.42831926,17.51388965,0,0,0,0,8.423149056,0,58.676835,5.314326007,3.562091148,0.902040142,0,0,0.683330834,0,0,14.30126765
basil0622_27.D,27mmc43t1,mammolo,flower,0.3398,675.458425,39.95316194,114.8277132,179.1959939,0,1.456024512,935.1219072,752.2756601,550.0421837,0,7.207695636,0,0,0,0,6882.840087,263.461335,68.74387425,47.63723815,70.81491736,66.3091092,0,28.49623708,0,0,178.4471137,0,257.8988984,40.95504247,27.14072681,278.9330658,0,1008.837684,0,0,8.145427181,1.120046445,493.1225141,0,0,0,0,0,166.2909837,0,3959.86098,0,183.4083944,0,333.8715157,0,0,37.30148906,0,178.7147895,429.4975119,0,18.20226315,0,275.5246411,107.923843,308.3851485,26.41523744,7.106145141,14.69878651,14.5360714,0,57.24929521,22.0259716,0,0,0,0,33.58538299,0,301.3789796,0,0,0,0,0,0.985075444,0,0,0
basil0622_56.D,56mmc42t2,mammolo,flower,0.3025,62.95644272,41.78593228,111.8109885,371.272376,27.78073431,0,2334.245936,2450.946031,0,0,0,0,0,420.7110373,0,21600.04993,1077.2872,142.0420172,27.24038776,24.07160705,142.5550242,0,16.42295493,0,0,341.3919385,0,0,106.9333939,68.67124553,0,0,1031.380967,0,7.824171368,42.26638451,0,2531.585949,0,0,37.89827263,0,0,996.3488795,0,15956.05692,0,1466.044812,0,1869.478981,65.16708987,519.7360766,332.023296,0,1584.417198,327.6804059,0,0,0,1441.005017,820.2391337,1361.446801,82.18454967,24.47183098,55.76840965,37.08902949,28.91897164,0,128.7419731,0,0,0,0,108.769328,0,981.2716191,0,49.57358952,33.33828254,22.94653268,0,0,0,0,139.1063078
basil0622_68.D,68mmc84t2,mammolo,flower,0.2816,0,39.31323217,109.9589247,717.7994389,0,0,1828.682718,1936.383339,0,0,0,0,0,0,0,41968.16211,1899.62653,558.9178806,30.3063942,26.79846778,430.888491,0,24.66388818,0,0,663.0887381,0,0,377.2966136,247.6853197,0,233.3386788,6866.567241,41.14530591,0,92.64443415,4.57313967,5959.948625,0,0,24.82411472,0,0,2791.177413,0,20901.67967,0,1728.045655,35.09495973,4028.342538,0,888.3353213,476.0940872,16.45796399,964.7588685,850.4595567,259.1993242,139.3239479,0,3291.726736,1078.356485,2584.690164,156.2160929,56.11102076,112.0037465,64.31929585,22.16325756,0,870.2141385,0,0,0,0,332.005258,0,2654.514637,0,75.40983523,0,45.47623572,20.96171478,2.023445889,14.46024576,11.13666566,0
basil0622_69.D,69mmc43t2,mammolo,flower,0.4051,137.3875286,0,0,0,0,0,201.646111,269.4457189,0,0,0,0,0,50.51949451,0,6941.923702,781.4279486,40.74189478,15.28789057,12.95816002,61.59898801,0,59.07440571,0,0,200.9634857,0,0,57.61636781,18.8032143,0,42.83346241,843.453309,0,0,14.78265329,0,846.8464537,0,0,4.904142214,0,0,386.8374232,0,6294.064835,92.07433766,349.8087194,0,610.6947465,0,115.1645344,89.44227085,0,161.0915001,343.3114156,40.45983556,0,0,569.4646777,226.4491692,525.4865058,31.33583937,10.0339481,23.99373323,24.90082705,26.76176911,0,129.7100876,0,0,0,0,54.53323455,0,518.859943,0,28.97343935,0,14.18190333,0,0.801426788,0,0,0
basil0622_09.D,9mmc46t1,mammolo,leaf,0.0726,1636.974458,416.7395228,1197.264732,1193.026209,0,25.18178873,14143.11266,2591.250052,1662.929093,0,0,0,0,54.86117736,78.11248294,10933.89933,0,0,112.1853181,166.7685689,227.1080372,20.62780853,0,0,0,849.6004891,0,1092.150161,47.20540515,0,820.469989,0,1481.230992,0,7.068921963,0,0,0,31.81552028,0,0,583.9454779,43.81650359,55.26871181,0,10295.15375,0,185.6801504,0,270.9827351,0,0,52.56548626,0,12.06648667,0,0,25.11289618,63.0372364,435.2730698,33.74050973,607.273275,0,0,0,0,0,128.6483905,0,0,0,0,76.33279011,40.46116619,0,298.617019,55.6561681,44.51387421,98.53777135,0,0,0,0,0,222.8537777
basil0622_01.D,1snc116t1,purp opal,flower,0.1341,227.554914,52.72332238,170.152675,447.9450657,292.9623193,1.15767129,1265.931266,311.727469,0,0,0,0,0,135.5684531,0,10637.83902,157.8759155,31.57710425,10.77734121,16.02100702,137.9290193,9747.433631,0,0,0,338.1877558,0,0,31.95036172,18.84172763,25.29021369,31.14442125,1493.087338,0,2.106319942,0,5.053961773,218.9155811,0,0,0,0,0,151.960356,10.79877152,168.8689624,70.96915661,137.9615401,56.60177056,532.4324061,11.08169772,160.8232439,86.60170614,0,172.3775718,15.50682816,0,42.39199729,148.8508592,97.19976211,51.86052499,645.8016912,112.8937619,16.3044197,32.74461493,0,0,0,0,20.41734347,0,20.41734347,0,83.76216671,0,601.1859787,0,51.28186305,0,0,0,0,0,0,0
basil0622_10.D,10poc85t1,purp opal,flower,0.1967,3.203770243,109.7420104,320.6863594,1196.846761,0,0,3658.413548,5103.832229,8.791403712,0,0,0.479527446,0.856590868,0,0,31874.7904,0,2666.463452,46.92964385,69.76304631,315.5025001,19.01703769,0,0,9.983293514,179.4474644,0,0,467.0889341,826.134098,68.21149115,245.2807388,5180.242161,73.07396555,12.32310063,266.3348178,14.56846939,12094.30313,199.5458692,31.1276191,51.11757448,149.9269491,299.2929875,2592.65952,247.7543631,1392.650182,892.8369765,2961.332403,284.2899061,2600.728535,114.4406026,1478.353153,202.3353956,160.3919249,1174.625765,25.89522883,99.48787806,125.782452,485.8401051,1101.911038,2565.315178,728.3667136,530.3492075,114.5357743,59.53566855,85.24920713,0,0,0,0,0,0,5.727076944,101.0948192,68.3150435,732.1852017,0,51.34273721,97.27744875,28.8241591,0,1.422620038,6.254861734,1.956021141,408.3414427
basil0622_21.D,21poc30t1,purp opal,flower,0.1549,1298.739496,76.84938621,294.6850141,664.9307954,0,0,3538.969794,1538.428673,0,0,0,0,0,0,0,25699.94023,0,1654.033514,86.78542397,0,246.7032543,13.97953502,4.507361481,0,0,378.6352252,0,0,197.368791,142.1084792,0,154.4727187,1004.398953,66.40974572,0,471.0451564,0,4329.321137,747.795034,242.2844992,200.9582897,91.04660399,1133.261538,1722.888325,75.92524648,244.4956098,708.4059474,562.8568946,157.7263866,1741.807785,0,765.4775118,200.8262777,71.49168446,373.5959418,0,75.90741595,43.54116709,0,250.1702146,821.907506,575.6095197,316.0517435,69.15428041,59.69452426,0,0,0,0,0,0,0,0,115.5396907,0,824.566058,0,227.9994478,372.2339311,65.98666378,0,0,0,0,1007.566688
basil0622_41.D,41poc212t1,purp opal,flower,0.1972,447.0876644,185.1169448,664.1342237,1667.649972,0,0,7422.055809,4539.075863,0,0,62.14503854,0,0,225.0523432,20357.9188,35152.80975,0,3258.072314,48.06161056,43.84490081,529.6748014,9.688851316,0,0,0,393.7823281,0,177.6935518,699.7891765,881.7736662,75.56722394,725.2411532,2263.385172,54.4137034,34.82971978,204.6580956,0,14047.312,0,0,0,0,0,4310.346324,333.9928419,0,1641.632536,3317.608853,0,4452.707545,0,1975.111737,336.7314908,0,2462.811435,50.24271366,0,153.2866022,435.0834015,1053.909318,2045.966246,1215.724387,371.0078727,52.50983798,75.70159423,147.3449913,0,0,29.65433925,0,0,0,0,234.3879714,58.09750713,1799.791077,0,32.75473349,0,39.33835146,0,0,19.78316896,18.66384704,17.52213359
basil0622_16.D,16poc35t1,purp opal,leaf,0.0477,2091.378431,0,0,0,0,0,255.5305949,0,0,0,0,0,0,0,0,0,0,0,182.9922818,272.0263352,0,51.27134431,0,0,0,1123.084197,0,0,0,0,0,0,0,0,0,70.86811392,0,0,116.8186033,47.57374695,35.78828914,0,206.4718132,0,0,0,0,0,0,0,0,0,0,0,0,0,0,0,0,0,0,0,0,0,0,0,0,0,0,0,0,0,0,0,0,0,0,0,25.40918162,0,0,0,0,0,445.622539
basil0622_02.D,2snc86t1,swt nufar,flower,0.4122,90.66306474,141.632099,370.413423,1835.253323,16.54858725,8.000734186,3374.188897,3334.582122,0,0,57.90465599,0,0,382.8441414,0,19148.2653,326.2677084,548.6767225,0,0,140.8090865,9035.493898,0,0,8.765078422,131.3987266,0,0,178.2437145,338.9895551,41.56250679,207.1489539,61.06749288,103.2773712,22.32746213,67.53231854,4.280879149,5219.661206,0,0,0,0,0,2237.953399,191.4779403,214.3635832,755.6642422,1849.807222,0,0,209.5809034,948.5275365,217.175986,248.7391513,2623.100856,118.0856528,296.9617824,222.3635205,712.857858,758.3044393,1988.540785,988.9000981,643.7980647,108.835854,114.6673585,74.19452297,17.85842763,0,15.24572706,3.782254207,25.86371709,3.782254207,0,146.0997371,9.584699434,1171.6876,0,3.167887977,0.454756412,13.69465651,13.70393096,0.41426988,2.465546941,3.560462302,0
basil0622_19.D,19snc25t1,swt nufar,flower,0.2492,281.3649829,119.1016623,327.3880226,2122.836528,0,0,3800.175117,3072.954429,0,0,72.49537591,0,0,345.2427178,0,45720.43551,0,0,25.44892574,0,152.0654699,25627.29803,0,0,0,226.0364356,0,0,0,385.0141791,37.47463492,360.0359755,0,90.30995838,30.93004639,99.33451621,2.252514551,8143.748371,0,0,0,0,0,3644.827941,235.0329977,0,1423.999098,2633.741434,465.5996162,0,0,1409.498739,303.6908927,162.0698526,2177.117441,61.56994517,171.0586495,120.6789067,452.3226336,748.2260304,1628.772137,1245.942175,510.7385454,88.93309767,90.26257082,63.31851312,0,0,29.48528253,0,44.42059141,0,0,190.6586133,0,1215.702049,0,63.52851954,0,33.13946063,18.35173142,0,6.087243788,6.012363744,9.85932614
basil0622_29.D,29snc115t1,swt nufar,flower,0.405,254.4278164,30.91387286,95.65805702,733.0618348,12.09592078,0,1142.346887,1219.022696,0,0,23.60897071,0,0,223.553512,0,19690.70395,0,353.8861582,22.87728316,34.0081201,87.55493109,8068.202884,0,0,6.607204781,93.91064816,0,0,124.9607879,170.6834547,15.86680422,184.8834695,13.47458488,51.46340015,15.21396362,50.96947869,0,3910.789456,0,0,0,0,0,2388.122062,116.4243464,0,944.4401693,1304.187424,273.7972818,3336.954218,0,733.2536851,343.9188638,0,1175.864029,55.64502893,0,137.3832267,351.8445076,292.2219338,1301.055684,1554.603035,263.7904923,25.66963318,82.20202664,50.74973722,0,0,33.43232441,6.182012514,0,6.182012514,0,297.4308505,12.92160965,2185.148888,0,65.54529551,0,25.41262326,9.8699762,0,6.29273244,5.982326578,0